dico,name,indicator,2006,2007,2008,2009,2010,2011,2012,2013,2014,2015
101,Águeda,pop-residente,48568,48399,48223,47962,47787,47572,47371,47127,46885,46825
102,Albergaria-a-Velha,pop-residente,25090,25157,25223,25243,25282,25089,24907,24724,24580,24476
103,Anadia,pop-residente,30333,30067,29784,29496,29208,28958,28656,28345,28135,27993
104,Arouca,pop-residente,23232,23057,22839,22630,22380,22231,22002,21751,21528,21392
105,Aveiro,pop-residente,76681,77150,77584,78084,78463,78093,77675,77229,76935,76882
106,Castelo de Paiva,pop-residente,17165,17094,17017,16894,16756,16642,16432,16267,16120,15980
107,Espinho,pop-residente,32908,32707,32446,32149,31817,31439,30929,30418,30056,29708
108,Estarreja,pop-residente,27627,27518,27339,27177,27010,26878,26710,26555,26389,26338
109,Santa Maria da Feira,pop-residente,139298,139543,139550,139561,139404,140007,140066,140038,139610,139478
110,Ílhavo,pop-residente,38194,38322,38440,38542,38624,38556,38502,38410,38273,38367
111,Mealhada,pop-residente,20666,20671,20616,20539,20462,20388,20343,20255,20152,20160
112,Murtosa,pop-residente,10201,10322,10400,10517,10601,10533,10488,10437,10383,10407
113,Oliveira de Azeméis,pop-residente,70077,69895,69527,69150,68700,68568,68186,67756,67349,66978
114,Oliveira do Bairro,pop-residente,22308,22502,22698,22871,23029,23201,23356,23443,23467,23661
115,Ovar,pop-residente,55645,55607,55589,55538,55436,55244,55094,54919,54679,54607
116,São João da Madeira,pop-residente,21671,21727,21732,21756,21723,21749,21685,21625,21548,21449
117,Sever do Vouga,pop-residente,12769,12688,12601,12507,12391,12253,12125,12000,11908,11852
118,Vagos,pop-residente,22598,22685,22775,22824,22872,22910,22880,22897,22823,22905
119,Vale de Cambra,pop-residente,23815,23615,23372,23166,22906,22772,22558,22319,22123,21911
201,Aljustrel,pop-residente,9767,9637,9518,9389,9277,9146,9031,8915,8755,8589
202,Almodôvar,pop-residente,7773,7708,7606,7543,7459,7387,7311,7199,7087,6965
203,Alvito,pop-residente,2606,2589,2566,2535,2517,2527,2533,2557,2518,2485
204,Barrancos,pop-residente,1890,1875,1861,1853,1836,1807,1782,1768,1739,1717
205,Beja,pop-residente,35994,36040,35990,35974,35904,35616,35319,35024,34595,34148
206,Castro Verde,pop-residente,7471,7445,7409,7361,7289,7295,7290,7289,7223,7145
207,Cuba,pop-residente,4909,4912,4902,4905,4884,4898,4887,4867,4819,4757
208,Ferreira do Alentejo,pop-residente,8589,8523,8426,8352,8280,8253,8218,8199,8080,7976
209,Mértola,pop-residente,7887,7745,7580,7443,7304,7147,6978,6840,6681,6534
210,Moura,pop-residente,15791,15669,15509,15359,15176,15005,14809,14625,14425,14241
211,Odemira,pop-residente,26221,26218,26180,26151,26124,26010,25835,25704,25431,25135
212,Ourique,pop-residente,5788,5682,5576,5499,5421,5322,5221,5144,5026,4912
213,Serpa,pop-residente,16172,16097,15956,15836,15676,15570,15467,15374,15189,15005
214,Vidigueira,pop-residente,6039,6012,5985,5974,5939,5902,5844,5797,5722,5654
301,Amares,pop-residente,18909,18943,18937,18947,18901,18830,18709,18560,18417,18300
302,Barcelos,pop-residente,122156,121944,121534,121116,120458,120515,120084,119563,119011,118605
303,Braga,pop-residente,175928,177609,179020,180414,181481,182176,182110,181847,181553,181502
304,Cabeceiras de Basto,pop-residente,17315,17229,17094,16917,16739,16659,16520,16364,16235,16168
305,Celorico de Basto,pop-residente,20367,20338,20286,20229,20133,20087,19952,19795,19619,19485
306,Esposende,pop-residente,34168,34264,34314,34340,34289,34371,34286,34250,34125,34040
307,Fafe,pop-residente,52069,51771,51377,51095,50684,50576,50249,49945,49579,49351
308,Guimarães,pop-residente,160166,160011,159521,159010,158211,158048,157214,156310,155508,154920
309,Póvoa de Lanhoso,pop-residente,22460,22377,22193,22041,21896,21947,21889,21844,21743,21690
310,Terras de Bouro,pop-residente,7798,7681,7562,7426,7280,7141,7000,6857,6768,6655
311,Vieira do Minho,pop-residente,13796,13643,13449,13233,13021,12900,12719,12583,12441,12292
312,Vila Nova de Famalicão,pop-residente,132580,133182,133505,133796,133901,134206,133974,133711,133277,133028
313,Vila Verde,pop-residente,47873,47974,47981,48053,47974,47995,47901,47774,47546,47428
314,Vizela,pop-residente,23527,23627,23678,23731,23746,23860,23851,23861,23812,23802
401,Alfândega da Fé,pop-residente,5474,5393,5303,5224,5105,5035,4922,4845,4767,4688
402,Bragança,pop-residente,35323,35362,35392,35431,35394,35273,34983,34681,34341,34033
403,Carrazeda de Ansiães,pop-residente,6986,6852,6687,6551,6389,6297,6173,6063,5972,5885
404,Freixo de Espada à Cinta,pop-residente,3973,3941,3885,3845,3793,3736,3677,3622,3559,3492
405,Macedo de Cavaleiros,pop-residente,16600,16433,16239,16039,15806,15646,15426,15230,15075,14882
406,Miranda do Douro,pop-residente,7768,7730,7678,7592,7512,7458,7400,7303,7213,7138
407,Mirandela,pop-residente,24830,24613,24386,24158,23902,23669,23324,22962,22703,22419
408,Mogadouro,pop-residente,10285,10124,9904,9749,9565,9435,9247,9098,8952,8815
409,Torre de Moncorvo,pop-residente,9165,9027,8882,8748,8613,8497,8373,8220,8099,7975
410,Vila Flor,pop-residente,7260,7134,6970,6831,6713,6636,6531,6438,6341,6242
411,Vimioso,pop-residente,4951,4891,4830,4774,4701,4610,4518,4442,4363,4253
412,Vinhais,pop-residente,9784,9645,9463,9311,9098,8951,8764,8579,8424,8289
501,Belmonte,pop-residente,7195,7122,7036,6953,6877,6808,6723,6673,6576,6531
502,Castelo Branco,pop-residente,56165,56186,56177,56224,56218,55600,55005,54409,53840,53507
503,Covilhã,pop-residente,53219,52948,52615,52260,51901,51196,50486,49749,49187,48741
504,Fundão,pop-residente,30330,30121,29843,29588,29276,28940,28560,28200,27912,27714
505,Idanha-a-Nova,pop-residente,10579,10382,10187,10001,9764,9566,9339,9108,8895,8712
506,Oleiros,pop-residente,6119,6029,5936,5834,5747,5648,5544,5444,5360,5270
507,Penamacor,pop-residente,6118,6024,5911,5839,5733,5585,5443,5324,5203,5116
508,Proença-a-Nova,pop-residente,8907,8797,8648,8486,8343,8240,8116,7989,7839,7741
509,Sertã,pop-residente,16280,16220,16108,16019,15934,15770,15612,15422,15286,15165
510,Vila de Rei,pop-residente,3445,3465,3462,3470,3466,3470,3453,3450,3406,3392
511,Vila Velha de Ródão,pop-residente,3778,3705,3643,3586,3538,3495,3432,3382,3326,3282
601,Arganil,pop-residente,12829,12645,12498,12340,12183,12027,11851,11669,11522,11432
602,Cantanhede,pop-residente,37301,37179,37020,36898,36657,36571,36389,36234,35967,35878
603,Coimbra,pop-residente,146060,145544,144932,144301,143589,141360,139151,136964,135592,134578
604,Condeixa-a-Nova,pop-residente,16373,16588,16767,16948,17109,17234,17320,17371,17342,17409
605,Figueira da Foz,pop-residente,62779,62622,62520,62395,62263,61918,61505,61076,60621,60415
606,Góis,pop-residente,4525,4478,4412,4354,4272,4187,4120,4079,4016,3985
607,Lousã,pop-residente,16927,17150,17306,17468,17619,17549,17439,17331,17236,17231
608,Mira,pop-residente,12679,12628,12601,12552,12497,12410,12324,12260,12162,12110
609,Miranda do Corvo,pop-residente,13163,13163,13161,13165,13131,13094,13048,12984,12905,12861
610,Montemor-o-Velho,pop-residente,25903,25941,26038,26121,26207,26138,26048,25911,25736,25678
611,Oliveira do Hospital,pop-residente,21469,21361,21238,21085,20900,20722,20519,20294,20092,19984
612,Pampilhosa da Serra,pop-residente,4832,4756,4668,4589,4507,4430,4314,4257,4197,4143
613,Penacova,pop-residente,15925,15785,15628,15463,15286,15091,14887,14678,14506,14399
614,Penela,pop-residente,6229,6168,6105,6050,5995,5910,5821,5734,5657,5612
615,Soure,pop-residente,20047,19865,19665,19511,19298,19033,18740,18499,18231,18027
616,Tábua,pop-residente,12360,12288,12259,12190,12113,12012,11931,11855,11757,11726
617,Vila Nova de Poiares,pop-residente,7216,7216,7251,7270,7289,7266,7207,7141,7083,7055
701,Alandroal,pop-residente,6188,6122,6028,5949,5869,5787,5687,5580,5450,5357
702,Arraiolos,pop-residente,7532,7490,7457,7403,7372,7373,7341,7302,7203,7107
703,Borba,pop-residente,7550,7523,7455,7413,7348,7317,7245,7230,7121,7034
704,Estremoz,pop-residente,14960,14830,14674,14503,14326,14186,13944,13740,13502,13306
705,Évora,pop-residente,56977,56961,56854,56779,56653,56218,55624,55053,54271,53654
706,Montemor-o-Novo,pop-residente,18063,17949,17792,17641,17478,17275,17073,16850,16563,16323
707,Mora,pop-residente,5330,5270,5192,5099,4995,4893,4790,4683,4584,4484
708,Mourão,pop-residente,2900,2844,2784,2726,2665,2644,2622,2601,2577,2529
709,Portel,pop-residente,6773,6698,6629,6536,6439,6381,6326,6307,6200,6104
710,Redondo,pop-residente,7163,7137,7112,7089,7055,6994,6922,6842,6737,6649
711,Reguengos de Monsaraz,pop-residente,11105,11028,10956,10913,10846,10784,10721,10625,10480,10363
712,Vendas Novas,pop-residente,11857,11864,11868,11874,11853,11857,11827,11804,11669,11534
713,Viana do Alentejo,pop-residente,5737,5761,5762,5761,5758,5706,5623,5515,5414,5315
714,Vila Viçosa,pop-residente,8588,8548,8475,8411,8338,8273,8235,8190,8090,7987
801,Albufeira,pop-residente,37052,37978,38895,39859,40796,40351,40190,40047,40107,40357
802,Alcoutim,pop-residente,3271,3175,3085,3005,2930,2816,2725,2629,2544,2482
803,Aljezur,pop-residente,5673,5711,5760,5835,5895,5787,5724,5673,5629,5615
804,Castro Marim,pop-residente,6697,6722,6725,6742,6755,6634,6588,6543,6493,6450
805,Faro,pop-residente,62170,62807,63409,64032,64600,63172,62281,61334,61214,61019
806,Lagoa,pop-residente,22125,22344,22551,22770,22985,22798,22783,22750,22723,22787
807,Lagos,pop-residente,28761,29334,29893,30474,31060,30805,30776,30720,30714,30778
808,Loulé,pop-residente,65912,67166,68354,69538,70659,69988,69824,69607,69230,69453
809,Monchique,pop-residente,6437,6350,6255,6170,6077,5886,5755,5632,5552,5476
810,Olhão,pop-residente,43500,43940,44441,44922,45401,45157,45216,45201,45175,45253
811,Portimão,pop-residente,51314,52441,53513,54602,55654,55265,55209,55152,55229,55439
812,São Brás de Alportel,pop-residente,10375,10449,10533,10604,10671,10558,10552,10538,10531,10575
813,Silves,pop-residente,35829,36131,36460,36824,37161,36780,36724,36636,36562,36547
814,Tavira,pop-residente,25706,25891,25990,26120,26215,25860,25753,25624,25511,25415
815,Vila do Bispo,pop-residente,5314,5310,5269,5268,5269,5238,5223,5216,5202,5206
816,Vila Real de Santo António,pop-residente,18662,18807,18955,19059,19176,19045,19067,19056,19052,19077
901,Aguiar da Beira,pop-residente,5867,5778,5674,5581,5497,5410,5308,5224,5121,5040
902,Almeida,pop-residente,7787,7666,7536,7430,7279,7066,6835,6628,6465,6323
903,Celorico da Beira,pop-residente,8207,8104,7981,7868,7724,7608,7512,7403,7321,7246
904,Figueira de Castelo Rodrigo,pop-residente,6663,6572,6471,6383,6282,6224,6162,6073,5993,5918
905,Fornos de Algodres,pop-residente,5294,5237,5153,5086,4993,4965,4920,4888,4821,4796
906,Gouveia,pop-residente,14988,14787,14560,14328,14096,13892,13655,13450,13269,13114
907,Guarda,pop-residente,43372,43213,43060,42880,42615,42126,41549,40994,40574,40237
908,Manteigas,pop-residente,3734,3675,3602,3523,3445,3400,3347,3297,3239,3199
909,Mêda,pop-residente,5651,5530,5427,5329,5220,5118,5026,4941,4868,4802
910,Pinhel,pop-residente,10264,10112,9959,9805,9647,9503,9334,9205,9086,8983
911,Sabugal,pop-residente,13578,13338,13081,12835,12591,12351,12146,11914,11687,11489
912,Seia,pop-residente,26214,25856,25467,25102,24758,24466,24121,23795,23508,23329
913,Trancoso,pop-residente,10325,10220,10130,10049,9922,9815,9666,9537,9410,9345
914,Vila Nova de Foz Côa,pop-residente,7832,7724,7577,7461,7322,7218,7102,6984,6903,6792
1001,Alcobaça,pop-residente,56608,56720,56803,56863,56815,56472,56037,55651,55237,55063
1002,Alvaiázere,pop-residente,7790,7660,7536,7421,7322,7222,7155,7048,6950,6895
1003,Ansião,pop-residente,13477,13429,13338,13273,13166,13035,12897,12773,12643,12574
1004,Batalha,pop-residente,15521,15633,15704,15761,15830,15825,15820,15804,15789,15842
1005,Bombarral,pop-residente,13389,13361,13295,13286,13209,13102,13011,12869,12737,12668
1006,Caldas da Rainha,pop-residente,50964,51232,51448,51622,51798,51791,51793,51727,51507,51542
1007,Castanheira de Pêra,pop-residente,3422,3374,3315,3262,3206,3122,3026,2939,2865,2801
1008,Figueiró dos Vinhos,pop-residente,6660,6557,6434,6314,6193,6102,6031,5941,5857,5811
1009,Leiria,pop-residente,124831,125507,126002,126519,126925,126753,126348,125977,125561,125721
1010,Marinha Grande,pop-residente,37650,37938,38183,38461,38726,38741,38709,38700,38533,38613
1011,Nazaré,pop-residente,15131,15132,15154,15181,15184,14988,14813,14610,14487,14422
1012,Óbidos,pop-residente,11440,11515,11610,11680,11788,11768,11757,11694,11622,11612
1013,Pedrógão Grande,pop-residente,4126,4079,4037,3997,3932,3850,3761,3686,3608,3562
1014,Peniche,pop-residente,27727,27797,27796,27817,27811,27581,27404,27205,27028,26994
1015,Pombal,pop-residente,56055,55946,55774,55599,55339,55018,54624,54201,53788,53604
1016,Porto de Mós,pop-residente,24417,24408,24402,24391,24374,24273,24154,24010,23844,23792
1101,Alenquer,pop-residente,41723,42150,42546,42942,43303,43285,43194,43086,43004,43136
1102,Arruda dos Vinhos,pop-residente,12184,12499,12789,13096,13395,13702,13936,14170,14258,14475
1103,Azambuja,pop-residente,21518,21607,21691,21785,21850,22078,22306,22477,22339,22184
1104,Cadaval,pop-residente,14132,14177,14205,14244,14269,14196,14105,14009,13876,13834
1105,Cascais,pop-residente,192261,195838,199432,203084,206449,207924,208321,208514,209376,210361
1106,Lisboa,pop-residente,553646,552118,550934,549998,548422,537412,524282,511667,509312,504471
1107,Loures,pop-residente,202986,203513,204008,204493,204987,207063,208042,208858,204695,205870
1108,Lourinhã,pop-residente,24866,25101,25378,25586,25768,25752,25705,25657,25571,25629
1109,Mafra,pop-residente,67391,69729,72041,74326,76671,78233,79297,80247,81199,81961
1110,Oeiras,pop-residente,168373,169394,170372,171380,172191,172764,172822,172556,172959,173339
1111,Sintra,pop-residente,373280,374526,375832,376921,377680,379786,379963,379756,380934,382521
1112,Sobral de Monte Agraço,pop-residente,9729,9831,9949,10053,10173,10169,10193,10211,10183,10230
1113,Torres Vedras,pop-residente,76901,77666,78292,79010,79552,79505,79426,79201,78932,78989
1114,Vila Franca de Xira,pop-residente,131420,132843,134277,135572,136875,138142,138710,139110,139918,140614
1115,Amadora,pop-residente,175649,175464,175373,175274,175141,175738,175631,175354,175952,176644
1116,Odivelas,pop-residente,139937,141055,142162,143257,144444,146970,148791,150419,152840,154462
1201,Alter do Chão,pop-residente,3739,3714,3680,3626,3588,3556,3501,3462,3384,3308
1202,Arronches,pop-residente,3262,3243,3220,3208,3178,3136,3124,3100,3041,2988
1203,Avis,pop-residente,4872,4811,4752,4670,4583,4571,4529,4505,4440,4387
1204,Campo Maior,pop-residente,8480,8453,8474,8493,8469,8429,8389,8365,8280,8214
1205,Castelo de Vide,pop-residente,3616,3586,3523,3476,3423,3371,3297,3248,3184,3116
1206,Crato,pop-residente,3958,3906,3861,3792,3740,3660,3593,3522,3451,3378
1207,Elvas,pop-residente,23293,23225,23168,23134,23110,22890,22566,22245,21902,21571
1208,Fronteira,pop-residente,3556,3543,3510,3475,3424,3364,3295,3222,3154,3088
1209,Gavião,pop-residente,4455,4375,4287,4214,4156,4069,3977,3873,3742,3645
1210,Marvão,pop-residente,3750,3709,3658,3598,3529,3482,3428,3376,3305,3230
1211,Monforte,pop-residente,3399,3370,3356,3349,3337,3304,3270,3228,3164,3103
1212,Nisa,pop-residente,7977,7868,7710,7611,7487,7337,7163,7019,6824,6649
1213,Ponte de Sor,pop-residente,17369,17240,17103,16931,16760,16570,16366,16184,15926,15709
1214,Portalegre,pop-residente,25534,25409,25267,25143,24976,24602,24230,23915,23525,23175
1215,Sousel,pop-residente,5408,5326,5268,5180,5098,5016,4935,4873,4762,4674
1301,Amarante,pop-residente,58248,57828,57351,56915,56314,56099,55677,55171,54775,54432
1302,Baião,pop-residente,21475,21300,21087,20852,20561,20394,20119,19899,19682,19488
1303,Felgueiras,pop-residente,58521,58551,58443,58347,58114,58126,57904,57673,57411,57246
1304,Gondomar,pop-residente,167834,168292,168337,168388,168168,168363,168016,167525,166841,166338
1305,Lousada,pop-residente,46730,47000,47167,47347,47414,47547,47450,47300,47176,47075
1306,Maia,pop-residente,129975,131546,132927,134188,135330,135937,136017,135924,135817,135678
1307,Marco de Canaveses,pop-residente,53539,53679,53638,53610,53507,53521,53273,52966,52708,52480
1308,Matosinhos,pop-residente,173181,174041,174655,175223,175600,175869,175321,174690,174045,173451
1309,Paços de Ferreira,pop-residente,55475,55784,56021,56196,56350,56769,56929,57001,56984,57024
1310,Paredes,pop-residente,86299,86587,86728,86836,86849,87159,87020,86876,86668,86554
1311,Penafiel,pop-residente,72791,72819,72684,72519,72330,72227,71848,71434,71023,70759
1312,Porto,pop-residente,249639,247006,244049,241254,238046,233061,227535,222252,218231,214579
1313,Póvoa de Varzim,pop-residente,63970,63939,63763,63674,63483,63504,63282,62999,62707,62522
1314,Santo Tirso,pop-residente,72682,72567,72301,72013,71612,71451,70996,70477,70001,69557
1315,Valongo,pop-residente,91296,92090,92744,93362,93901,94577,94884,95123,95087,95188
1316,Vila do Conde,pop-residente,77939,78473,78862,79239,79582,79864,79808,79740,79518,79399
1317,Vila Nova de Gaia,pop-residente,299060,300436,301238,302084,302541,303430,303149,302828,301819,301172
1318,Trofa,pop-residente,38752,38860,38925,38997,39033,39010,38843,38642,38406,38264
1401,Abrantes,pop-residente,40665,40403,40107,39810,39464,38831,38201,37588,37116,36701
1402,Alcanena,pop-residente,14170,14135,14069,13975,13889,13729,13567,13413,13279,13199
1403,Almeirim,pop-residente,22862,22998,23173,23289,23380,23483,23479,23458,23246,23092
1404,Alpiarça,pop-residente,7873,7857,7823,7779,7715,7652,7593,7529,7390,7289
1405,Benavente,pop-residente,26779,27376,27933,28477,28999,29372,29683,29908,29882,29874
1406,Cartaxo,pop-residente,24179,24317,24388,24463,24506,24522,24504,24479,24254,24020
1407,Chamusca,pop-residente,10712,10580,10425,10290,10140,10071,9967,9881,9751,9639
1408,Constância,pop-residente,3979,4000,4013,4025,4052,4052,4053,4028,4005,3984
1409,Coruche,pop-residente,20660,20498,20328,20168,20001,19762,19503,19211,18863,18587
1410,Entroncamento,pop-residente,19464,19688,19887,20077,20217,20322,20421,20445,20462,20568
1411,Ferreira do Zêzere,pop-residente,8959,8876,8819,8724,8634,8562,8460,8357,8268,8191
1412,Golegã,pop-residente,5589,5580,5556,5506,5469,5435,5389,5337,5654,5576
1413,Mação,pop-residente,7823,7727,7599,7518,7383,7235,7089,6946,6794,6698
1414,Rio Maior,pop-residente,21261,21268,21248,21237,21220,21201,21110,21063,20872,20704
1415,Salvaterra de Magos,pop-residente,21499,21714,21873,22034,22191,22223,22196,22190,21963,21755
1416,Santarém,pop-residente,63162,63023,62778,62596,62309,61788,61222,60686,59406,58688
1417,Sardoal,pop-residente,4025,4017,3993,3973,3946,3945,3913,3874,3837,3821
1418,Tomar,pop-residente,41816,41559,41257,41035,40786,40208,39666,39085,38581,38183
1419,Torres Novas,pop-residente,36977,36971,36914,36838,36812,36590,36338,36056,35738,35587
1420,Vila Nova da Barquinha,pop-residente,7464,7442,7395,7356,7320,7341,7334,7329,7301,7286
1421,Ourém,pop-residente,46299,46285,46238,46140,46001,45885,45638,45452,45127,45037
1501,Alcácer do Sal,pop-residente,13601,13480,13328,13172,13065,12938,12716,12563,12362,12170
1502,Alcochete,pop-residente,15676,16141,16629,17093,17564,17916,18175,18410,18658,18807
1503,Almada,pop-residente,169105,170407,171758,173030,174237,173574,172206,170756,170139,169689
1504,Barreiro,pop-residente,79100,79074,79043,79025,78913,78574,77941,77212,76775,76433
1505,Grândola,pop-residente,14945,14949,14947,14927,14876,14915,14954,14985,14835,14708
1506,Moita,pop-residente,66761,66633,66456,66296,66056,66125,65831,65433,65288,65104
1507,Montijo,pop-residente,46207,47477,48740,49978,51207,52347,53233,53939,54600,55153
1508,Palmela,pop-residente,59136,60115,61034,61914,62876,63412,63694,63752,64019,64110
1509,Santiago do Cacém,pop-residente,30404,30262,30096,29980,29792,29830,29833,29794,29500,29183
1510,Seixal,pop-residente,155389,156181,156863,157571,158285,160237,161436,162516,163737,164625
1511,Sesimbra,pop-residente,44691,45951,47180,48350,49506,49969,50214,50337,50601,50734
1512,Setúbal,pop-residente,118493,119216,119971,120643,121257,120864,119799,118689,118166,117780
1513,Sines,pop-residente,14001,14071,14126,14194,14255,14185,14076,13984,13818,13678
1601,Arcos de Valdevez,pop-residente,23754,23629,23409,23185,22906,22709,22426,22142,21885,21621
1602,Caminha,pop-residente,16982,16935,16849,16829,16726,16645,16512,16417,16248,16104
1603,Melgaço,pop-residente,9576,9500,9430,9356,9245,9137,8943,8804,8670,8558
1604,Monção,pop-residente,19649,19580,19492,19404,19282,19186,19025,18836,18626,18467
1605,Paredes de Coura,pop-residente,9388,9348,9293,9267,9213,9166,9086,8991,8898,8833
1606,Ponte da Barca,pop-residente,12494,12422,12313,12215,12083,12018,11889,11768,11639,11516
1607,Ponte de Lima,pop-residente,44222,44150,43977,43799,43554,43482,43283,43019,42708,42512
1608,Valença,pop-residente,14214,14192,14185,14166,14155,14045,13933,13804,13664,13554
1609,Viana do Castelo,pop-residente,89554,89561,89315,89210,88851,88522,87896,87243,86620,86136
1610,Vila Nova de Cerveira,pop-residente,9150,9198,9229,9259,9291,9239,9166,9110,9039,8969
1701,Alijó,pop-residente,12980,12749,12494,12244,11962,11840,11641,11452,11246,11093
1702,Boticas,pop-residente,6051,5970,5895,5846,5768,5694,5591,5488,5394,5309
1703,Chaves,pop-residente,42733,42464,42113,41785,41336,41225,40903,40672,40382,40138
1704,Mesão Frio,pop-residente,4698,4636,4581,4519,4444,4386,4311,4234,4164,4101
1705,Mondim de Basto,pop-residente,8048,7927,7771,7652,7522,7465,7401,7313,7231,7160
1706,Montalegre,pop-residente,11507,11294,11050,10831,10578,10387,10163,9935,9734,9541
1707,Murça,pop-residente,6320,6237,6135,6046,5962,5938,5861,5773,5718,5633
1708,Peso da Régua,pop-residente,17961,17816,17600,17369,17157,17036,16793,16597,16395,16225
1709,Ribeira de Pena,pop-residente,6964,6901,6803,6680,6564,6517,6419,6346,6269,6222
1710,Sabrosa,pop-residente,6678,6611,6537,6458,6378,6339,6256,6172,6099,6024
1711,Santa Marta de Penaguião,pop-residente,7916,7785,7634,7499,7371,7274,7152,7045,6940,6848
1712,Valpaços,pop-residente,18149,17884,17595,17277,16931,16699,16407,16097,15875,15620
1713,Vila Pouca de Aguiar,pop-residente,14093,13856,13648,13431,13214,13093,12912,12726,12557,12430
1714,Vila Real,pop-residente,51503,51651,51709,51826,51923,51782,51417,51009,50626,50376
1801,Armamar,pop-residente,6851,6736,6598,6473,6324,6258,6150,6076,6006,5939
1802,Carregal do Sal,pop-residente,10140,10067,9973,9920,9837,9784,9711,9656,9598,9580
1803,Castro Daire,pop-residente,16106,15916,15741,15567,15369,15182,14976,14789,14638,14552
1804,Cinfães,pop-residente,21397,21226,20985,20737,20464,20254,19953,19647,19365,19122
1805,Lamego,pop-residente,27489,27366,27179,26999,26745,26566,26293,26007,25751,25480
1806,Mangualde,pop-residente,20467,20333,20178,20072,19929,19772,19633,19485,19300,19241
1807,Moimenta da Beira,pop-residente,10645,10544,10435,10332,10211,10190,10106,10025,9936,9872
1808,Mortágua,pop-residente,9985,9898,9817,9723,9634,9531,9439,9344,9240,9184
1809,Nelas,pop-residente,14201,14209,14172,14105,14037,13951,13798,13670,13563,13472
1810,Oliveira de Frades,pop-residente,10426,10392,10367,10329,10273,10246,10207,10153,10089,10060
1811,Penalva do Castelo,pop-residente,8432,8331,8224,8100,7967,7893,7795,7679,7579,7493
1812,Penedono,pop-residente,3184,3137,3075,3028,2962,2927,2876,2831,2774,2736
1813,Resende,pop-residente,11854,11780,11659,11537,11397,11280,11083,10901,10725,10592
1814,Santa Comba Dão,pop-residente,12005,11911,11822,11726,11612,11474,11317,11166,11010,10905
1815,São João da Pesqueira,pop-residente,8254,8188,8079,8001,7905,7799,7666,7555,7465,7370
1816,São Pedro do Sul,pop-residente,17809,17540,17301,17074,16880,16695,16521,16336,16165,16065
1817,Sátão,pop-residente,12858,12802,12700,12605,12491,12370,12261,12147,12010,11949
1818,Sernancelhe,pop-residente,5937,5875,5806,5750,5681,5673,5634,5594,5538,5484
1819,Tabuaço,pop-residente,6555,6506,6470,6428,6364,6347,6301,6247,6186,6138
1820,Tarouca,pop-residente,8233,8221,8161,8130,8068,8018,7959,7894,7833,7784
1821,Tondela,pop-residente,29984,29804,29561,29315,29014,28733,28488,28167,27848,27701
1822,Vila Nova de Paiva,pop-residente,5595,5500,5398,5293,5183,5135,5079,5007,4949,4909
1823,Viseu,pop-residente,97371,97861,98362,98914,99313,99093,98778,98424,98093,98164
1824,Vouzela,pop-residente,11169,11050,10902,10736,10575,10469,10341,10222,10099,10037
3101,Calheta (R.A.M.),pop-residente,11796,11790,11712,11630,11540,11403,11372,11295,11170,11052
3102,Câmara de Lobos,pop-residente,35626,35759,35723,35715,35656,35192,35025,34798,34482,34246
3103,Funchal,pop-residente,109793,110584,111140,111599,111990,109990,109149,108053,106721,105562
3104,Machico,pop-residente,22067,22037,21988,21926,21851,21453,21336,21147,20874,20654
3105,Ponta do Sol,pop-residente,8651,8726,8754,8817,8863,8808,8798,8787,8694,8619
3106,Porto Moniz,pop-residente,2823,2805,2782,2762,2719,2643,2582,2530,2469,2417
3107,Ribeira Brava,pop-residente,13202,13291,13341,13381,13387,13144,13032,12889,12720,12555
3108,Santa Cruz,pop-residente,37830,39193,40501,41816,43009,43086,43529,43827,43873,43925
3109,Santana,pop-residente,8221,8117,8007,7871,7731,7543,7404,7272,7131,6992
3110,São Vicente,pop-residente,5960,5932,5876,5810,5733,5589,5518,5416,5301,5216
3201,Porto Santo,pop-residente,5110,5212,5314,5388,5486,5385,5346,5299,5251,5186
4101,Vila do Porto,pop-residente,5588,5595,5592,5579,5554,5595,5632,5663,5650,5652
4201,Lagoa (R.A.A),pop-residente,14367,14407,14421,14421,14435,14506,14605,14666,14667,14681
4202,Nordeste,pop-residente,5110,5079,5044,5019,4956,4976,4996,5012,4990,4977
4203,Ponta Delgada,pop-residente,67937,68233,68444,68679,68795,68846,68876,68768,68517,68403
4204,Povoação,pop-residente,6528,6485,6439,6399,6323,6290,6253,6200,6149,6132
4205,Ribeira Grande,pop-residente,30600,31025,31385,31731,32054,32299,32513,32661,32625,32720
4206,Vila Franca do Campo,pop-residente,11198,11232,11234,11228,11204,11270,11308,11331,11286,11300
4301,Angra do Heroísmo,pop-residente,35707,35718,35648,35572,35406,35311,35189,35029,34771,34586
4302,Vila da Praia da Vitória,pop-residente,20802,20915,20997,21020,21045,21268,21451,21612,21596,21555
4401,Santa Cruz da Graciosa,pop-residente,4562,4534,4497,4459,4403,4409,4410,4400,4363,4339
4501,Calheta (R.A.A.),pop-residente,3926,3893,3867,3834,3783,3669,3569,3440,3378,3312
4502,Velas,pop-residente,5524,5512,5483,5459,5413,5379,5357,5337,5292,5244
4601,Lajes do Pico,pop-residente,4854,4817,4769,4746,4722,4707,4708,4694,4654,4622
4602,Madalena,pop-residente,6107,6103,6076,6069,6051,6027,6055,6046,6000,5958
4603,São Roque do Pico,pop-residente,3487,3461,3447,3417,3390,3395,3380,3361,3316,3303
4701,Horta,pop-residente,15066,15062,15056,15016,14996,15017,15013,14994,14910,14824
4801,Lajes das Flores,pop-residente,1510,1518,1516,1512,1515,1520,1528,1526,1515,1503
4802,Santa Cruz das Flores,pop-residente,2383,2368,2339,2322,2296,2279,2258,2237,2215,2196
4901,Corvo,pop-residente,415,416,416,418,416,431,448,463,459,459
